From Station,To Station,Fare
Airport,Meenambakkam,8
Airport,Nanganallur Road,16
Airport,Alandur Metro,16
Airport,Guindy,24
Airport,Little Mount,24
Airport,Saidapet,24
Airport,Nandanam,24
Airport,Teynampet,24
Airport,AG-DMS,32
Airport,Thousand Lights,32
Airport,LIC,32
Airport,Government Estate,32
Airport,Central Metro,32
Airport,High Court,32
Airport,Mannadi,32
Airport,Washermenpet,40
Airport,Thyagaraya College,40
Airport,Tondiarpet,40
Airport,New Washermen pet,40
Airport,Toll Gate,40
Airport,Kaladipet,40
Airport,Thiruvotriyur Theredi,40
Airport,Thiruvotriyur,40
Airport,WimcoNagar,40
Airport,WimcoNagar Depot,40
Airport,Ekkattuthangal,24
Airport,Ashok Nagar,24
Airport,Vadapalani,24
Airport,Arumbakkam,24
Airport,CMBT Metro,32
Airport,Koyambedu,32
Airport,Thirumangalam,32
Airport,Anna Nagar Tower,32
Airport,Anna Nagar East,32
Airport,Shenoy Nagar,32
Airport,Pachaiyappas College,32
Airport,Kilpauk,40
Airport,Nehru Park,32
Airport,Egmore,32
Airport,St Thomas Mount,24

St Thomas Mount,WimcoNagar Depot,40
St Thomas Mount,WimcoNagar,40
St Thomas Mount,Thiruvotriyur,40
St Thomas Mount,Thiruvotriyur Theredi,40
St Thomas Mount,Kaladipet,40
St Thomas Mount,Toll Gate,40
St Thomas Mount,New Washermen pet,40
St Thomas Mount,Tondiarpet,40
St Thomas Mount,Thyagaraya College,40
St Thomas Mount,Washermenpet,40
St Thomas Mount,Mannadi,32
St Thomas Mount,High Court,32
St Thomas Mount,Central Metro,32
St Thomas Mount,Government Estate,32
St Thomas Mount,LIC,32
St Thomas Mount,Thousand Lights,32
St Thomas Mount,AG-DMS,32
St Thomas Mount,Teynampet,24
St Thomas Mount,Nandanam,24
St Thomas Mount,Saidapet,24
St Thomas Mount,Little Mount,24
St Thomas Mount,Guindy,24
St Thomas Mount,Alandur Metro,16
St Thomas Mount,Nanganallur Road,16
St Thomas Mount,Meenambakkam,24
St Thomas Mount,Airport,24
St Thomas Mount,Ekkattuthangal,16
St Thomas Mount,Ashok Nagar,16
St Thomas Mount,Vadapalani,24
St Thomas Mount,Arumbakkam,24
St Thomas Mount,CMBT Metro,24
St Thomas Mount,Koyambedu,24
St Thomas Mount,Thirumangalam,32
St Thomas Mount,Anna Nagar Tower,32
St Thomas Mount,Anna Nagar East,32
St Thomas Mount,Shenoy Nagar,32
St Thomas Mount,Pachaiyappas College,32
St Thomas Mount,Kilpauk,32
St Thomas Mount,Nehru Park,32
St Thomas Mount,Egmore,32

Meenambakkam,Airport,8
Meenambakkam,Nanganallur Road,16
Meenambakkam,Alandur Metro,16
Meenambakkam,Guindy,16
Meenambakkam,Little Mount,16
Meenambakkam,Saidapet,24
Meenambakkam,Nandanam,24
Meenambakkam,Teynampet,24
Meenambakkam,AG-DMS,24
Meenambakkam,Thousand Lights,32
Meenambakkam,LIC,32
Meenambakkam,Government Estate,32
Meenambakkam,Central Metro,32
Meenambakkam,High Court,32
Meenambakkam,Mannadi,32
Meenambakkam,Washermenpet,32
Meenambakkam,Thyagaraya College,40
Meenambakkam,Tondiarpet,40
Meenambakkam,New Washermen pet,40
Meenambakkam,Toll Gate,40
Meenambakkam,Kaladipet,40
Meenambakkam,Thiruvotriyur Theredi,40
Meenambakkam,Thiruvotriyur,40
Meenambakkam,WimcoNagar,40
Meenambakkam,WimcoNagar Depot,40
Meenambakkam,Ekkattuthangal,16
Meenambakkam,Ashok Nagar,24
Meenambakkam,Vadapalani,24
Meenambakkam,Arumbakkam,24
Meenambakkam,CMBT Metro,24
Meenambakkam,Koyambedu,32
Meenambakkam,Thirumangalam,32
Meenambakkam,Anna Nagar Tower,32
Meenambakkam,Anna Nagar East,32
Meenambakkam,Shenoy Nagar,32
Meenambakkam,Pachaiyappas College,32
Meenambakkam,Kilpauk,32

Nanganallur Road,Airport,16
Nanganallur Road,Meenambakkam,16
Nanganallur Road,Alandur Metro,8
Nanganallur Road,Guindy,16
Nanganallur Road,Little Mount,16
Nanganallur Road,Saidapet,16
Nanganallur Road,Nandanam,24
Nanganallur Road,Teynampet,24
Nanganallur Road,AG-DMS,24
Nanganallur Road,Thousand Lights,24
Nanganallur Road,LIC,24
Nanganallur Road,Government Estate,32
Nanganallur Road,Central Metro,32
Nanganallur Road,High Court,32
Nanganallur Road,Mannadi,32
Nanganallur Road,Washermenpet,32
Nanganallur Road,Thyagaraya College,32
Nanganallur Road,Tondiarpet,32
Nanganallur Road,New Washermen pet,40
Nanganallur Road,Toll Gate,40
Nanganallur Road,Kaladipet,40
Nanganallur Road,Thiruvotriyur Theredi,40
Nanganallur Road,Thiruvotriyur,40
Nanganallur Road,WimcoNagar,40
Nanganallur Road,WimcoNagar Depot,40
Nanganallur Road,Ekkattuthangal,16
Nanganallur Road,Ashok Nagar,16
Nanganallur Road,Vadapalani,24
Nanganallur Road,Arumbakkam,24
Nanganallur Road,CMBT Metro,24
Nanganallur Road,Koyambedu,24
Nanganallur Road,Thirumangalam,32
Nanganallur Road,Anna Nagar Tower,32
Nanganallur Road,Anna Nagar East,32
Nanganallur Road,Shenoy Nagar,32
Nanganallur Road,Pachaiyappas College,32
Nanganallur Road,Kilpauk,32
Nanganallur Road,Nehru Park,32
Nanganallur Road,Egmore,32

Alandur Metro,Airport,16
Alandur Metro,Meenambakkam,16
Alandur Metro,Nanganallur Road,8
Alandur Metro,Guindy,8
Alandur Metro,Little Mount,16
Alandur Metro,Saidapet,16
Alandur Metro,Nandanam,24
Alandur Metro,Teynampet,24
Alandur Metro,AG-DMS,24
Alandur Metro,Thousand Lights,24
Alandur Metro,LIC,24
Alandur Metro,Government Estate,24
Alandur Metro,Central Metro,32
Alandur Metro,High Court,32
Alandur Metro,Mannadi,32
Alandur Metro,Washermenpet,32
Alandur Metro,Thyagaraya College,32
Alandur Metro,Tondiarpet,32
Alandur Metro,New Washermen pet,32
Alandur Metro,Toll Gate,40
Alandur Metro,Kaladipet,40
Alandur Metro,Thiruvotriyur Theredi,40
Alandur Metro,Thiruvotriyur,40
Alandur Metro,WimcoNagar,40
Alandur Metro,WimcoNagar Depot,40
Alandur Metro,Ekkattuthangal,8
Alandur Metro,Ashok Nagar,16
Alandur Metro,Vadapalani,24
Alandur Metro,Arumbakkam,24
Alandur Metro,CMBT Metro,24
Alandur Metro,Koyambedu,24
Alandur Metro,Thirumangalam,24
Alandur Metro,Anna Nagar Tower,24
Alandur Metro,Anna Nagar East,32
Alandur Metro,Shenoy Nagar,32
Alandur Metro,Pachaiyappas College,32
Alandur Metro,Kilpauk,32
Alandur Metro,Nehru Park,32
Alandur Metro,Egmore,32

Guindy,Airport,24
Guindy,Meenambakkam,16
Guindy,Nanganallur Road,16
Guindy,Alandur Metro,8
Guindy,Little Mount,8
Guindy,Saidapet,16
Guindy,Nandanam,16
Guindy,Teynampet,16
Guindy,AG-DMS,24
Guindy,Thousand Lights,24
Guindy,LIC,24
Guindy,Government Estate,24
Guindy,Central Metro,24
Guindy,High Court,32
Guindy,Mannadi,32
Guindy,Washermenpet,32
Guindy,Thyagaraya College,32
Guindy,Tondiarpet,32
Guindy,New Washermen pet,32
Guindy,Toll Gate,32
Guindy,Kaladipet,32
Guindy,Thiruvotriyur Theredi,40
Guindy,Thiruvotriyur,40
Guindy,WimcoNagar,40
Guindy,WimcoNagar Depot,40
Guindy,Ekkattuthangal,16
Guindy,Ashok Nagar,16
Guindy,Vadapalani,24
Guindy,Arumbakkam,24
Guindy,CMBT Metro,24
Guindy,Koyambedu,24
Guindy,Thirumangalam,32
Guindy,Anna Nagar Tower,32
Guindy,Anna Nagar East,32
Guindy,Shenoy Nagar,32
Guindy,Pachaiyappas College,32
Guindy,Kilpauk,32
Guindy,Nehru Park,32
Guindy,Egmore,32

Little Mount,Airport,24
Little Mount,Meenambakkam,16
Little Mount,Nanganallur Road,16
Little Mount,Alandur Metro,16
Little Mount,Guindy,8
Little Mount,Saidapet,8
Little Mount,Nandanam,16
Little Mount,Teynampet,16
Little Mount,AG-DMS,16
Little Mount,Thousand Lights,24
Little Mount,LIC,24
Little Mount,Government Estate,24
Little Mount,Central Metro,24
Little Mount,High Court,24
Little Mount,Mannadi,32
Little Mount,Washermenpet,32
Little Mount,Thyagaraya College,32
Little Mount,Tondiarpet,32
Little Mount,New Washermen pet,32
Little Mount,Toll Gate,32
Little Mount,Kaladipet,32
Little Mount,Thiruvotriyur Theredi,32
Little Mount,Thiruvotriyur,40
Little Mount,WimcoNagar,40
Little Mount,WimcoNagar Depot,40
Little Mount,Ekkattuthangal,16
Little Mount,Ashok Nagar,24
Little Mount,Vadapalani,24
Little Mount,Arumbakkam,24
Little Mount,CMBT Metro,24
Little Mount,Koyambedu,24
Little Mount,Thirumangalam,32
Little Mount,Anna Nagar Tower,32
Little Mount,Anna Nagar East,32
Little Mount,Shenoy Nagar,32
Little Mount,Pachaiyappas College,32
Little Mount,Kilpauk,32
Little Mount,Nehru Park,32
Little Mount,Egmore,24

Saidapet,Meenambakkam,24
Saidapet,Nanganallur Road,24
Saidapet,Arignar Anna Alandur,16
Saidapet,Guindy,16
Saidapet,Little Mount,8
Saidapet,Saidapet,0
Saidapet,Nandanam,8
Saidapet,Teynampet,16
Saidapet,AG-DMS,16
Saidapet,Thousand Lights,24
Saidapet,LIC,24
Saidapet,Government Estate,24
Saidapet,Central Metro,32
Saidapet,High Court,32
Saidapet,Mannadi,32
Saidapet,Washermenpet,40
Saidapet,Thyagaraya College,40
Saidapet,Tondiarpet,40
Saidapet,New Washermenpet,40
Saidapet,Toll Gate,40
Saidapet,Kaladipet,40
Saidapet,Thiruvotriyur Theredi,40
Saidapet,Thiruvotriyur,40
Saidapet,Wimco Nagar,40
Saidapet,Wimco Nagar Depot,40
Saidapet,Ekkattuthangal,24
Saidapet,Ashok Nagar,24
Saidapet,Vadapalani,24
Saidapet,Arumbakkam,32
Saidapet,CMBT Metro,32
Saidapet,Koyambedu,32
Saidapet,Thirumangalam,32
Saidapet,Anna Nagar Tower,32
Saidapet,Anna Nagar East,32
Saidapet,Shenoy Nagar,32
Saidapet,Pachaiyappas College,32
Saidapet,Kilpauk,32
Saidapet,Nehru Park,32
Saidapet,Egmore,32
Saidapet,St. Thomas Mount,24

Nandanam,Airport,24
Nandanam,Meenambakkam,24
Nandanam,Nanganallur Road,24
Nandanam,Arignar Anna Alandur,24
Nandanam,Guindy,16
Nandanam,Little Mount,16
Nandanam,Saidapet,8
Nandanam,Nandanam,0
Nandanam,Teynampet,8
Nandanam,AG-DMS,16
Nandanam,Thousand Lights,16
Nandanam,LIC,24
Nandanam,Government Estate,24
Nandanam,Central Metro,24
Nandanam,High Court,32
Nandanam,Mannadi,32
Nandanam,Washermenpet,40
Nandanam,Thyagaraya College,40
Nandanam,Tondiarpet,40
Nandanam,New Washermenpet,40
Nandanam,Toll Gate,40
Nandanam,Kaladipet,40
Nandanam,Thiruvotriyur Theredi,40
Nandanam,Thiruvotriyur,40
Nandanam,Wimco Nagar,40
Nandanam,Wimco Nagar Depot,40
Nandanam,Ekkattuthangal,24
Nandanam,Ashok Nagar,24
Nandanam,Vadapalani,24
Nandanam,Arumbakkam,32
Nandanam,CMBT Metro,32
Nandanam,Koyambedu,32
Nandanam,Thirumangalam,32
Nandanam,Anna Nagar Tower,32
Nandanam,Anna Nagar East,32
Nandanam,Shenoy Nagar,32
Nandanam,Pachaiyappas College,32
Nandanam,Kilpauk,32
Nandanam,Nehru Park,32
Nandanam,Egmore,32
Nandanam,St. Thomas Mount,24

Teynampet,Airport,24
Teynampet,Meenambakkam,24
Teynampet,Nanganallur Road,24
Teynampet,Arignar Anna Alandur,24
Teynampet,Guindy,16
Teynampet,Little Mount,16
Teynampet,Saidapet,16
Teynampet,Nandanam,8
Teynampet,Teynampet,0
Teynampet,AG-DMS,8
Teynampet,Thousand Lights,16
Teynampet,LIC,16
Teynampet,Government Estate,24
Teynampet,Central Metro,24
Teynampet,High Court,32
Teynampet,Mannadi,32
Teynampet,Washermenpet,32
Teynampet,Thyagaraya College,32
Teynampet,Tondiarpet,32
Teynampet,New Washermenpet,32
Teynampet,Toll Gate,32
Teynampet,Kaladipet,32
Teynampet,Thiruvotriyur Theredi,32
Teynampet,Thiruvotriyur,32
Teynampet,Wimco Nagar,32
Teynampet,Wimco Nagar Depot,32
Teynampet,Ekkattuthangal,24
Teynampet,Ashok Nagar,24
Teynampet,Vadapalani,24
Teynampet,Arumbakkam,32
Teynampet,CMBT Metro,32
Teynampet,Koyambedu,32
Teynampet,Thirumangalam,32
Teynampet,Anna Nagar Tower,32
Teynampet,Anna Nagar East,32
Teynampet,Shenoy Nagar,32
Teynampet,Pachaiyappas College,32
Teynampet,Kilpauk,32
Teynampet,Nehru Park,32
Teynampet,Egmore,32
Teynampet,St. Thomas Mount,24

AG-DMS,Airport,32
AG-DMS,Meenambakkam,32
AG-DMS,Nanganallur Road,24
AG-DMS,Arignar Anna Alandur,24
AG-DMS,Guindy,24
AG-DMS,Little Mount,16
AG-DMS,Saidapet,16
AG-DMS,Nandanam,16
AG-DMS,Teynampet,8
AG-DMS,AG-DMS,0
AG-DMS,Thousand Lights,8
AG-DMS,LIC,8
AG-DMS,Government Estate,16
AG-DMS,Central Metro,16
AG-DMS,High Court,24
AG-DMS,Mannadi,24
AG-DMS,Washermenpet,32
AG-DMS,Thyagaraya College,32
AG-DMS,Tondiarpet,32
AG-DMS,New Washermenpet,32
AG-DMS,Toll Gate,32
AG-DMS,Kaladipet,32
AG-DMS,Thiruvotriyur Theredi,32
AG-DMS,Thiruvotriyur,32
AG-DMS,Wimco Nagar,32
AG-DMS,Wimco Nagar Depot,32
AG-DMS,Ekkattuthangal,32
AG-DMS,Ashok Nagar,32
AG-DMS,Vadapalani,32
AG-DMS,Arumbakkam,32
AG-DMS,CMBT Metro,32
AG-DMS,Koyambedu,32
AG-DMS,Thirumangalam,32
AG-DMS,Anna Nagar Tower,32
AG-DMS,Anna Nagar East,32
AG-DMS,Shenoy Nagar,32
AG-DMS,Pachaiyappas College,32
AG-DMS,Kilpauk,32
AG-DMS,Nehru Park,32
AG-DMS,Egmore,32
AG-DMS,St. Thomas Mount,24


LIC,Airport,32
LIC,Meenambakkam,32
LIC,Nanganallur Road,24
LIC,Arignar Anna Alandur,24
LIC,Guindy,24
LIC,Little Mount,24
LIC,Saidapet,24
LIC,Nandanam,24
LIC,Teynampet,16
LIC,AG-DMS,8
LIC,Thousand Lights,8
LIC,LIC,0
LIC,Government Estate,8
LIC,Central Metro,8
LIC,High Court,16
LIC,Mannadi,24
LIC,Washermenpet,32
LIC,Thyagaraya College,32
LIC,Tondiarpet,32
LIC,New Washermenpet,32
LIC,Toll Gate,32
LIC,Kaladipet,32
LIC,Thiruvotriyur Theredi,32
LIC,Thiruvotriyur,32
LIC,Wimco Nagar,32
LIC,Wimco Nagar Depot,32
LIC,Ekkattuthangal,32
LIC,Ashok Nagar,32
LIC,Vadapalani,32
LIC,Arumbakkam,32
LIC,CMBT Metro,32
LIC,Koyambedu,32
LIC,Thirumangalam,32
LIC,Anna Nagar Tower,32
LIC,Anna Nagar East,32
LIC,Shenoy Nagar,32
LIC,Pachaiyappas College,32
LIC,Kilpauk,32
LIC,Nehru Park,32
LIC,Egmore,32
LIC,St. Thomas Mount,32

Government Estate,Airport,32
Government Estate,Meenambakkam,32
Government Estate,Nanganallur Road,24
Government Estate,Arignar Anna Alandur,24
Government Estate,Guindy,24
Government Estate,Little Mount,24
Government Estate,Saidapet,24
Government Estate,Nandanam,24
Government Estate,Teynampet,24
Government Estate,AG-DMS,16
Government Estate,Thousand Lights,8
Government Estate,LIC,8
Government Estate,Government Estate,0
Government Estate,Central Metro,8
Government Estate,High Court,16
Government Estate,Mannadi,24
Government Estate,Washermenpet,32
Government Estate,Thyagaraya College,32
Government Estate,Tondiarpet,32
Government Estate,New Washermenpet,32
Government Estate,Toll Gate,32
Government Estate,Kaladipet,32
Government Estate,Thiruvotriyur Theredi,32
Government Estate,Thiruvotriyur,32
Government Estate,Wimco Nagar,32
Government Estate,Wimco Nagar Depot,32
Government Estate,Ekkattuthangal,32
Government Estate,Ashok Nagar,32
Government Estate,Vadapalani,32
Government Estate,Arumbakkam,32
Government Estate,CMBT Metro,32
Government Estate,Koyambedu,32
Government Estate,Thirumangalam,32
Government Estate,Anna Nagar Tower,32
Government Estate,Anna Nagar East,32
Government Estate,Shenoy Nagar,32
Government Estate,Pachaiyappas College,32
Government Estate,Kilpauk,32
Government Estate,Nehru Park,32
Government Estate,Egmore,32
Government Estate,St. Thomas Mount,32

Central Metro,Airport,32
Central Metro,Meenambakkam,32
Central Metro,Nanganallur Road,32
Central Metro,Arignar Anna Alandur,32
Central Metro,Guindy,32
Central Metro,Little Mount,32
Central Metro,Saidapet,32
Central Metro,Nandanam,24
Central Metro,Teynampet,24
Central Metro,AG-DMS,16
Central Metro,Thousand Lights,16
Central Metro,LIC,8
Central Metro,Government Estate,8
Central Metro,Central Metro,0
Central Metro,High Court,8
Central Metro,Mannadi,16
Central Metro,Washermenpet,32
Central Metro,Thyagaraya College,32
Central Metro,Tondiarpet,32
Central Metro,New Washermenpet,32
Central Metro,Toll Gate,32
Central Metro,Kaladipet,32
Central Metro,Thiruvotriyur Theredi,32
Central Metro,Thiruvotriyur,32
Central Metro,Wimco Nagar,32
Central Metro,Wimco Nagar Depot,32
Central Metro,Ekkattuthangal,32
Central Metro,Ashok Nagar,32
Central Metro,Vadapalani,32
Central Metro,Arumbakkam,32
Central Metro,CMBT Metro,32
Central Metro,Koyambedu,32
Central Metro,Thirumangalam,32
Central Metro,Anna Nagar Tower,32
Central Metro,Anna Nagar East,32
Central Metro,Shenoy Nagar,32
Central Metro,Pachaiyappas College,32
Central Metro,Kilpauk,32
Central Metro,Nehru Park,32
Central Metro,Egmore,32
Central Metro,St. Thomas Mount,32

High Court,Airport,32
High Court,Meenambakkam,32
High Court,Nanganallur Road,32
High Court,Arignar Anna Alandur,32
High Court,Guindy,32
High Court,Little Mount,32
High Court,Saidapet,32
High Court,Nandanam,32
High Court,Teynampet,32
High Court,AG-DMS,24
High Court,Thousand Lights,24
High Court,LIC,16
High Court,Government Estate,16
High Court,Central Metro,8
High Court,High Court,0
High Court,Mannadi,8
High Court,Washermenpet,16
High Court,Thyagaraya College,24
High Court,Tondiarpet,24
High Court,New Washermenpet,32
High Court,Toll Gate,32
High Court,Kaladipet,32
High Court,Thiruvotriyur Theredi,32
High Court,Thiruvotriyur,32
High Court,Wimco Nagar,32
High Court,Wimco Nagar Depot,32
High Court,Ekkattuthangal,32
High Court,Ashok Nagar,32
High Court,Vadapalani,32
High Court,Arumbakkam,32
High Court,CMBT Metro,32
High Court,Koyambedu,32
High Court,Thirumangalam,32
High Court,Anna Nagar Tower,32
High Court,Anna Nagar East,32
High Court,Shenoy Nagar,32
High Court,Pachaiyappas College,32
High Court,Kilpauk,32
High Court,Nehru Park,32
High Court,Egmore,32
High Court,St. Thomas Mount,32

Mannadi,Airport,32
Mannadi,Meenambakkam,32
Mannadi,Nanganallur Road,32
Mannadi,Arignar Anna Alandur,32
Mannadi,Guindy,32
Mannadi,Little Mount,32
Mannadi,Saidapet,32
Mannadi,Nandanam,32
Mannadi,Teynampet,32
Mannadi,AG-DMS,24
Mannadi,Thousand Lights,24
Mannadi,LIC,24
Mannadi,Government Estate,24
Mannadi,Central Metro,16
Mannadi,High Court,8
Mannadi,Mannadi,0
Mannadi,Washermenpet,8
Mannadi,Thyagaraya College,16
Mannadi,Tondiarpet,16
Mannadi,New Washermenpet,24
Mannadi,Toll Gate,32
Mannadi,Kaladipet,32
Mannadi,Thiruvotriyur Theredi,32
Mannadi,Thiruvotriyur,32
Mannadi,Wimco Nagar,32
Mannadi,Wimco Nagar Depot,32
Mannadi,Ekkattuthangal,32
Mannadi,Ashok Nagar,32
Mannadi,Vadapalani,32
Mannadi,Arumbakkam,32
Mannadi,CMBT Metro,32
Mannadi,Koyambedu,32
Mannadi,Thirumangalam,32
Mannadi,Anna Nagar Tower,32
Mannadi,Anna Nagar East,32
Mannadi,Shenoy Nagar,32
Mannadi,Pachaiyappas College,32
Mannadi,Kilpauk,32
Mannadi,Nehru Park,32
Mannadi,Egmore,32
Mannadi,St. Thomas Mount,32

Washermenpet,Airport,40
Washermenpet,Meenambakkam,32
Washermenpet,Nanganallur Road,32
Washermenpet,Alandur Metro,32
Washermenpet,Guindy,32
Washermenpet,Little Mount,32
Washermenpet,Saidapet,32
Washermenpet,Nandanam,24
Washermenpet,Teynampet,24
Washermenpet,AG-DMS,24
Washermenpet,Thousand Lights,24
Washermenpet,LIC,24
Washermenpet,Government Estate,24
Washermenpet,Central Metro,16
Washermenpet,High Court,16
Washermenpet,Mannadi,8
Washermenpet,Washermenpet,0
Washermenpet,Thyagaraya College,8
Washermenpet,Tondiarpet,8
Washermenpet,New Washermen pet,16
Washermenpet,Toll Gate,16
Washermenpet,Kaladipet,16
Washermenpet,Thiruvotriyur Theredi,24
Washermenpet,Thiruvotriyur,24
Washermenpet,WimcoNagar,24
Washermenpet,WimcoNagar Depot,24
Washermenpet,Ekkattuthangal,32
Washermenpet,Ashok Nagar,32
Washermenpet,Vadapalani,32
Washermenpet,Arumbakkam,32
Washermenpet,CMBT Metro,32
Washermenpet,Koyambedu,32
Washermenpet,Thirumangalam,32
Washermenpet,Anna Nagar Tower,32
Washermenpet,Anna Nagar East,24
Washermenpet,Shenoy Nagar,24
Washermenpet,Pachaiyappas College,24
Washermenpet,Kilpauk,24
Washermenpet,Nehru Park,24
Washermenpet,Egmore,24
Washermenpet,St. Thomas Mount,32

Thyagaraya College,Airport,40
Thyagaraya College,Meenambakkam,40
Thyagaraya College,Nanganallur Road,32
Thyagaraya College,Alandur Metro,32
Thyagaraya College,Guindy,32
Thyagaraya College,Little Mount,32
Thyagaraya College,Saidapet,32
Thyagaraya College,Nandanam,32
Thyagaraya College,Teynampet,24
Thyagaraya College,AG-DMS,24
Thyagaraya College,Thousand Lights,24
Thyagaraya College,LIC,24
Thyagaraya College,Government Estate,24
Thyagaraya College,Central Metro,24
Thyagaraya College,High Court,16
Thyagaraya College,Mannadi,16
Thyagaraya College,Washermenpet,8
Thyagaraya College,Thyagaraya College,0
Thyagaraya College,Tondiarpet,8
Thyagaraya College,New Washermen pet,8
Thyagaraya College,Toll Gate,16
Thyagaraya College,Kaladipet,16
Thyagaraya College,Thiruvotriyur Theredi,16
Thyagaraya College,Thiruvotriyur,24
Thyagaraya College,WimcoNagar,24
Thyagaraya College,WimcoNagar Depot,24
Thyagaraya College,Ekkattuthangal,32
Thyagaraya College,Ashok Nagar,40
Thyagaraya College,Vadapalani,32
Thyagaraya College,Arumbakkam,32
Thyagaraya College,CMBT Metro,32
Thyagaraya College,Koyambedu,32
Thyagaraya College,Thirumangalam,32
Thyagaraya College,Anna Nagar Tower,32
Thyagaraya College,Anna Nagar East,24
Thyagaraya College,Shenoy Nagar,24
Thyagaraya College,Pachaiyappas College,24
Thyagaraya College,Kilpauk,24
Thyagaraya College,Nehru Park,24
Thyagaraya College,Egmore,24
Thyagaraya College,St. Thomas Mount,32

Tondiarpet,Airport,40
Tondiarpet,Meenambakkam,40
Tondiarpet,Nanganallur Road,32
Tondiarpet,Alandur Metro,32
Tondiarpet,Guindy,32
Tondiarpet,Little Mount,32
Tondiarpet,Saidapet,32
Tondiarpet,Nandanam,32
Tondiarpet,Teynampet,32
Tondiarpet,AG-DMS,24
Tondiarpet,Thousand Lights,24
Tondiarpet,LIC,24
Tondiarpet,Government Estate,24
Tondiarpet,Central Metro,24
Tondiarpet,High Court,16
Tondiarpet,Mannadi,16
Tondiarpet,Washermenpet,8
Tondiarpet,Thyagaraya College,8
Tondiarpet,Tondiarpet,0
Tondiarpet,New Washermen pet,8
Tondiarpet,Toll Gate,16
Tondiarpet,Kaladipet,16
Tondiarpet,Thiruvotriyur Theredi,16
Tondiarpet,Thiruvotriyur,24
Tondiarpet,WimcoNagar,24
Tondiarpet,WimcoNagar Depot,24
Tondiarpet,Ekkattuthangal,32
Tondiarpet,Ashok Nagar,40
Tondiarpet,Vadapalani,32
Tondiarpet,Arumbakkam,32
Tondiarpet,CMBT Metro,32
Tondiarpet,Koyambedu,32
Tondiarpet,Thirumangalam,32
Tondiarpet,Anna Nagar Tower,32
Tondiarpet,Anna Nagar East,32
Tondiarpet,Shenoy Nagar,24
Tondiarpet,Pachaiyappas College,24
Tondiarpet,Kilpauk,24
Tondiarpet,Nehru Park,24
Tondiarpet,Egmore,24
Tondiarpet,St. Thomas Mount,32

New Washermen pet,Airport,40
New Washermen pet,Meenambakkam,40
New Washermen pet,Nanganallur Road,40
New Washermen pet,Alandur Metro,32
New Washermen pet,Guindy,32
New Washermen pet,Little Mount,32
New Washermen pet,Saidapet,32
New Washermen pet,Nandanam,32
New Washermen pet,Teynampet,32
New Washermen pet,AG-DMS,32
New Washermen pet,Thousand Lights,24
New Washermen pet,LIC,24
New Washermen pet,Government Estate,24
New Washermen pet,Central Metro,24
New Washermen pet,High Court,24
New Washermen pet,Mannadi,16
New Washermen pet,Washermenpet,16
New Washermen pet,Thyagaraya College,8
New Washermen pet,Tondiarpet,8
New Washermen pet,New Washermen pet,0
New Washermen pet,Toll Gate,8
New Washermen pet,Kaladipet,8
New Washermen pet,Thiruvotriyur Theredi,16
New Washermen pet,Thiruvotriyur,16
New Washermen pet,WimcoNagar,24
New Washermen pet,WimcoNagar Depot,24
New Washermen pet,Ekkattuthangal,40
New Washermen pet,Ashok Nagar,40
New Washermen pet,Vadapalani,40
New Washermen pet,Arumbakkam,32
New Washermen pet,CMBT Metro,32
New Washermen pet,Koyambedu,32
New Washermen pet,Thirumangalam,32
New Washermen pet,Anna Nagar Tower,32
New Washermen pet,Anna Nagar East,32
New Washermen pet,Shenoy Nagar,32
New Washermen pet,Pachaiyappas College,24
New Washermen pet,Kilpauk,24
New Washermen pet,Nehru Park,24
New Washermen pet,Egmore,24
New Washermen pet,St. Thomas Mount,40

Toll Gate,Airport,40
Toll Gate,Meenambakkam,40
Toll Gate,Nanganallur Road,40
Toll Gate,Alandur Metro,40
Toll Gate,Guindy,32
Toll Gate,Little Mount,32
Toll Gate,Saidapet,32
Toll Gate,Nandanam,32
Toll Gate,Teynampet,32
Toll Gate,AG-DMS,32
Toll Gate,Thousand Lights,32
Toll Gate,LIC,24
Toll Gate,Government Estate,24
Toll Gate,Central Metro,24
Toll Gate,High Court,24
Toll Gate,Mannadi,24
Toll Gate,Washermenpet,16
Toll Gate,Thyagaraya College,16
Toll Gate,Tondiarpet,16
Toll Gate,New Washermen pet,8
Toll Gate,Toll Gate,0
Toll Gate,Kaladipet,8
Toll Gate,Thiruvotriyur Theredi,8
Toll Gate,Thiruvotriyur,16
Toll Gate,WimcoNagar,16
Toll Gate,WimcoNagar Depot,16
Toll Gate,Ekkattuthangal,40
Toll Gate,Ashok Nagar,40
Toll Gate,Vadapalani,40
Toll Gate,Arumbakkam,40
Toll Gate,CMBT Metro,32
Toll Gate,Koyambedu,32
Toll Gate,Thirumangalam,32
Toll Gate,Anna Nagar Tower,32
Toll Gate,Anna Nagar East,32
Toll Gate,Shenoy Nagar,32
Toll Gate,Pachaiyappas College,32
Toll Gate,Kilpauk,24
Toll Gate,Nehru Park,24
Toll Gate,Egmore,24
Toll Gate,St. Thomas Mount,40

Kaladipet,Airport,40
Kaladipet,Meenambakkam,40
Kaladipet,Nanganallur Road,40
Kaladipet,Alandur Metro,40
Kaladipet,Guindy,32
Kaladipet,Little Mount,32
Kaladipet,Saidapet,32
Kaladipet,Nandanam,32
Kaladipet,Teynampet,32
Kaladipet,AG-DMS,32
Kaladipet,Thousand Lights,32
Kaladipet,LIC,24
Kaladipet,Government Estate,24
Kaladipet,Central Metro,24
Kaladipet,High Court,24
Kaladipet,Mannadi,24
Kaladipet,Washermenpet,16
Kaladipet,Thyagaraya College,16
Kaladipet,Tondiarpet,16
Kaladipet,New Washermen pet,8
Kaladipet,Toll Gate,8
Kaladipet,Kaladipet,0
Kaladipet,Thiruvotriyur Theredi,8
Kaladipet,Thiruvotriyur,16
Kaladipet,WimcoNagar,16
Kaladipet,WimcoNagar Depot,16
Kaladipet,Ekkattuthangal,40
Kaladipet,Ashok Nagar,40
Kaladipet,Vadapalani,40
Kaladipet,Arumbakkam,40
Kaladipet,CMBT Metro,40
Kaladipet,Koyambedu,32
Kaladipet,Thirumangalam,32
Kaladipet,Anna Nagar Tower,32
Kaladipet,Anna Nagar East,32
Kaladipet,Shenoy Nagar,32
Kaladipet,Pachaiyappas College,32
Kaladipet,Kilpauk,32
Kaladipet,Nehru Park,24
Kaladipet,Egmore,24
Kaladipet,St. Thomas Mount,40

Thiruvotriyur Theredi,Airport,40
Thiruvotriyur Theredi,Meenambakkam,40
Thiruvotriyur Theredi,Nanganallur Road,40
Thiruvotriyur Theredi,Alandur Metro,40
Thiruvotriyur Theredi,Guindy,40
Thiruvotriyur Theredi,Little Mount,32
Thiruvotriyur Theredi,Saidapet,32
Thiruvotriyur Theredi,Nandanam,32
Thiruvotriyur Theredi,Teynampet,32
Thiruvotriyur Theredi,AG-DMS,32
Thiruvotriyur Theredi,Thousand Lights,32
Thiruvotriyur Theredi,LIC,32
Thiruvotriyur Theredi,Government Estate,32
Thiruvotriyur Theredi,Central Metro,24
Thiruvotriyur Theredi,High Court,24
Thiruvotriyur Theredi,Mannadi,24
Thiruvotriyur Theredi,Washermenpet,24
Thiruvotriyur Theredi,Thyagaraya College,16
Thiruvotriyur Theredi,Tondiarpet,16
Thiruvotriyur Theredi,New Washermen pet,16
Thiruvotriyur Theredi,Toll Gate,8
Thiruvotriyur Theredi,Kaladipet,8
Thiruvotriyur Theredi,Thiruvotriyur Theredi,0
Thiruvotriyur Theredi,Thiruvotriyur,8
Thiruvotriyur Theredi,WimcoNagar,16
Thiruvotriyur Theredi,WimcoNagar Depot,16
Thiruvotriyur Theredi,Ekkattuthangal,40
Thiruvotriyur Theredi,Ashok Nagar,40
Thiruvotriyur Theredi,Vadapalani,40
Thiruvotriyur Theredi,Arumbakkam,40
Thiruvotriyur Theredi,CMBT Metro,40
Thiruvotriyur Theredi,Koyambedu,32
Thiruvotriyur Theredi,Thirumangalam,32
Thiruvotriyur Theredi,Anna Nagar Tower,32
Thiruvotriyur Theredi,Anna Nagar East,32
Thiruvotriyur Theredi,Shenoy Nagar,32
Thiruvotriyur Theredi,Pachaiyappas College,32
Thiruvotriyur Theredi,Kilpauk,32
Thiruvotriyur Theredi,Nehru Park,32
Thiruvotriyur Theredi,Egmore,24
Thiruvotriyur Theredi,St. Thomas Mount,40

Thiruvotriyur,Airport,40
Thiruvotriyur,Meenambakkam,40
Thiruvotriyur,Nanganallur Road,40
Thiruvotriyur,Alandur Metro,40
Thiruvotriyur,Guindy,40
Thiruvotriyur,Little Mount,40
Thiruvotriyur,Saidapet,32
Thiruvotriyur,Nandanam,32
Thiruvotriyur,Teynampet,32
Thiruvotriyur,AG-DMS,32
Thiruvotriyur,Thousand Lights,32
Thiruvotriyur,LIC,32
Thiruvotriyur,Government Estate,32
Thiruvotriyur,Central Metro,24
Thiruvotriyur,High Court,24
Thiruvotriyur,Mannadi,24
Thiruvotriyur,Washermenpet,24
Thiruvotriyur,Thyagaraya College,24
Thiruvotriyur,Tondiarpet,24
Thiruvotriyur,New Washermen pet,16
Thiruvotriyur,Toll Gate,16
Thiruvotriyur,Kaladipet,16
Thiruvotriyur,Thiruvotriyur Theredi,8
Thiruvotriyur,Thiruvotriyur,0
Thiruvotriyur,WimcoNagar,8
Thiruvotriyur,WimcoNagar Depot,8
Thiruvotriyur,Ekkattuthangal,40
Thiruvotriyur,Ashok Nagar,40
Thiruvotriyur,Vadapalani,40
Thiruvotriyur,Arumbakkam,40
Thiruvotriyur,CMBT Metro,40
Thiruvotriyur,Koyambedu,40
Thiruvotriyur,Thirumangalam,32
Thiruvotriyur,Anna Nagar Tower,32
Thiruvotriyur,Anna Nagar East,32
Thiruvotriyur,Shenoy Nagar,32
Thiruvotriyur,Pachaiyappas College,32
Thiruvotriyur,Kilpauk,32
Thiruvotriyur,Nehru Park,32
Thiruvotriyur,Egmore,32
Thiruvotriyur,St. Thomas Mount,40

WimcoNagar,Airport,40
WimcoNagar,Meenambakkam,40
WimcoNagar,Nanganallur Road,40
WimcoNagar,Alandur Metro,40
WimcoNagar,Guindy,40
WimcoNagar,Little Mount,40
WimcoNagar,Saidapet,40
WimcoNagar,Nandanam,32
WimcoNagar,Teynampet,32
WimcoNagar,AG-DMS,32
WimcoNagar,Thousand Lights,32
WimcoNagar,LIC,32
WimcoNagar,Government Estate,32
WimcoNagar,Central Metro,32
WimcoNagar,High Court,24
WimcoNagar,Mannadi,24
WimcoNagar,Washermenpet,24
WimcoNagar,Thyagaraya College,24
WimcoNagar,Tondiarpet,24
WimcoNagar,New Washermen pet,24
WimcoNagar,Toll Gate,16
WimcoNagar,Kaladipet,16
WimcoNagar,Thiruvotriyur Theredi,16
WimcoNagar,Thiruvotriyur,8
WimcoNagar,WimcoNagar Depot,8
WimcoNagar,Ekkattuthangal,40
WimcoNagar,Ashok Nagar,40
WimcoNagar,Vadapalani,40
WimcoNagar,Arumbakkam,40
WimcoNagar,CMBT Metro,40
WimcoNagar,Koyambedu,40
WimcoNagar,Thirumangalam,40
WimcoNagar,Anna Nagar Tower,32
WimcoNagar,Anna Nagar East,32
WimcoNagar,Shenoy Nagar,32
WimcoNagar,Pachaiyappas College,32
WimcoNagar,Kilpauk,32
WimcoNagar,Nehru Park,32
WimcoNagar,Egmore,32
WimcoNagar,St. Thomas Mount,40

Ekkattuthangal,Airport,24
Ekkattuthangal,Meenambakkam,16
Ekkattuthangal,Nanganallur Road,16
Ekkattuthangal,Alandur Metro,8
Ekkattuthangal,Guindy,16
Ekkattuthangal,Little Mount,16
Ekkattuthangal,Saidapet,24
Ekkattuthangal,Nandanam,24
Ekkattuthangal,Teynampet,24
Ekkattuthangal,AG-DMS,24
Ekkattuthangal,Thousand Lights,24
Ekkattuthangal,LIC,24
Ekkattuthangal,Government Estate,32
Ekkattuthangal,Central Metro,32
Ekkattuthangal,High Court,32
Ekkattuthangal,Mannadi,32
Ekkattuthangal,Washermenpet,32
Ekkattuthangal,Thyagaraya College,32
Ekkattuthangal,Tondiarpet,32
Ekkattuthangal,New Washermen pet,40
Ekkattuthangal,Toll Gate,40
Ekkattuthangal,Kaladipet,40
Ekkattuthangal,Thiruvotriyur Theredi,40
Ekkattuthangal,Thiruvotriyur,40
Ekkattuthangal,WimcoNagar,40
Ekkattuthangal,WimcoNagar Depot,40
Ekkattuthangal,Ashok Nagar,16
Ekkattuthangal,Vadapalani,16
Ekkattuthangal,Arumbakkam,24
Ekkattuthangal,CMBT Metro,24
Ekkattuthangal,Koyambedu,24
Ekkattuthangal,Thirumangalam,24
Ekkattuthangal,Anna Nagar Tower,24
Ekkattuthangal,Anna Nagar East,24
Ekkattuthangal,Shenoy Nagar,32
Ekkattuthangal,Pachaiyappas College,32
Ekkattuthangal,Kilpauk,32
Ekkattuthangal,Nehru Park,32
Ekkattuthangal,Egmore,32
Ekkattuthangal,St. Thomas Mount,16

Ashok Nagar,Airport,24
Ashok Nagar,Meenambakkam,24
Ashok Nagar,Nanganallur Road,16
Ashok Nagar,Alandur Metro,16
Ashok Nagar,Guindy,16
Ashok Nagar,Little Mount,24
Ashok Nagar,Saidapet,24
Ashok Nagar,Nandanam,24
Ashok Nagar,Teynampet,24
Ashok Nagar,AG-DMS,24
Ashok Nagar,Thousand Lights,32
Ashok Nagar,LIC,32
Ashok Nagar,Government Estate,32
Ashok Nagar,Central Metro,32
Ashok Nagar,High Court,32
Ashok Nagar,Mannadi,32
Ashok Nagar,Washermenpet,32
Ashok Nagar,Thyagaraya College,40
Ashok Nagar,Tondiarpet,40
Ashok Nagar,New Washermen pet,40
Ashok Nagar,Toll Gate,40
Ashok Nagar,Kaladipet,40
Ashok Nagar,Thiruvotriyur Theredi,40
Ashok Nagar,Thiruvotriyur,40
Ashok Nagar,WimcoNagar,40
Ashok Nagar,WimcoNagar Depot,40
Ashok Nagar,Ekkattuthangal,16
Ashok Nagar,Vadapalani,8
Ashok Nagar,Arumbakkam,16
Ashok Nagar,CMBT Metro,16
Ashok Nagar,Koyambedu,24
Ashok Nagar,Thirumangalam,24
Ashok Nagar,Anna Nagar Tower,24
Ashok Nagar,Anna Nagar East,24
Ashok Nagar,Shenoy Nagar,24
Ashok Nagar,Pachaiyappas College,24
Ashok Nagar,Kilpauk,32
Ashok Nagar,Nehru Park,32
Ashok Nagar,Egmore,32
Ashok Nagar,St. Thomas Mount,16

Vadapalani,Airport,24
Vadapalani,Meenambakkam,24
Vadapalani,Nanganallur Road,24
Vadapalani,Alandur Metro,24
Vadapalani,Guindy,24
Vadapalani,Little Mount,24
Vadapalani,Saidapet,24
Vadapalani,Nandanam,24
Vadapalani,Teynampet,24
Vadapalani,AG-DMS,32
Vadapalani,Thousand Lights,32
Vadapalani,LIC,32
Vadapalani,Government Estate,32
Vadapalani,Central Metro,32
Vadapalani,High Court,32
Vadapalani,Mannadi,32
Vadapalani,Washermenpet,32
Vadapalani,Thyagaraya College,32
Vadapalani,Tondiarpet,32
Vadapalani,New Washermen pet,40
Vadapalani,Toll Gate,40
Vadapalani,Kaladipet,40
Vadapalani,Thiruvotriyur Theredi,40
Vadapalani,Thiruvotriyur,40
Vadapalani,WimcoNagar,40
Vadapalani,WimcoNagar Depot,40
Vadapalani,Ekkattuthangal,16
Vadapalani,Ashok Nagar,8
Vadapalani,Arumbakkam,8
Vadapalani,CMBT Metro,16
Vadapalani,Koyambedu,16
Vadapalani,Thirumangalam,24
Vadapalani,Anna Nagar Tower,24
Vadapalani,Anna Nagar East,24
Vadapalani,Shenoy Nagar,24
Vadapalani,Pachaiyappas College,24
Vadapalani,Kilpauk,24
Vadapalani,Nehru Park,24
Vadapalani,Egmore,32
Vadapalani,St. Thomas Mount,24

Arumbakkam,Airport,24
Arumbakkam,Meenambakkam,24
Arumbakkam,Nanganallur Road,24
Arumbakkam,Alandur Metro,24
Arumbakkam,Guindy,24
Arumbakkam,Little Mount,24
Arumbakkam,Saidapet,24
Arumbakkam,Nandanam,32
Arumbakkam,Teynampet,32
Arumbakkam,AG-DMS,32
Arumbakkam,Thousand Lights,32
Arumbakkam,LIC,32
Arumbakkam,Government Estate,32
Arumbakkam,Central Metro,32
Arumbakkam,High Court,32
Arumbakkam,Mannadi,32
Arumbakkam,Washermenpet,32
Arumbakkam,Thyagaraya College,32
Arumbakkam,Tondiarpet,32
Arumbakkam,New Washermen pet,32
Arumbakkam,Toll Gate,40
Arumbakkam,Kaladipet,40
Arumbakkam,Thiruvotriyur Theredi,40
Arumbakkam,Thiruvotriyur,40
Arumbakkam,WimcoNagar,40
Arumbakkam,WimcoNagar Depot,40
Arumbakkam,Ekkattuthangal,24
Arumbakkam,Ashok Nagar,16
Arumbakkam,Vadapalani,8
Arumbakkam,CMBT Metro,8
Arumbakkam,Koyambedu,16
Arumbakkam,Thirumangalam,16
Arumbakkam,Anna Nagar Tower,24
Arumbakkam,Anna Nagar East,24
Arumbakkam,Shenoy Nagar,24
Arumbakkam,Pachaiyappas College,24
Arumbakkam,Kilpauk,24
Arumbakkam,Nehru Park,24
Arumbakkam,Egmore,24
Arumbakkam,St. Thomas Mount,24

CMBT Metro,Airport,32
CMBT Metro,Meenambakkam,24
CMBT Metro,Nanganallur Road,24
CMBT Metro,Alandur Metro,24
CMBT Metro,Guindy,24
CMBT Metro,Little Mount,24
CMBT Metro,Saidapet,24
CMBT Metro,Nandanam,32
CMBT Metro,Teynampet,32
CMBT Metro,AG-DMS,32
CMBT Metro,Thousand Lights,32
CMBT Metro,LIC,32
CMBT Metro,Government Estate,32
CMBT Metro,Central Metro,24
CMBT Metro,High Court,32
CMBT Metro,Mannadi,32
CMBT Metro,Washermenpet,32
CMBT Metro,Thyagaraya College,32
CMBT Metro,Tondiarpet,32
CMBT Metro,New Washermen pet,32
CMBT Metro,Toll Gate,32
CMBT Metro,Kaladipet,40
CMBT Metro,Thiruvotriyur Theredi,40
CMBT Metro,Thiruvotriyur,40
CMBT Metro,WimcoNagar,40
CMBT Metro,WimcoNagar Depot,40
CMBT Metro,Ekkattuthangal,24
CMBT Metro,Ashok Nagar,16
CMBT Metro,Vadapalani,16
CMBT Metro,Arumbakkam,8
CMBT Metro,Koyambedu,8
CMBT Metro,Thirumangalam,16
CMBT Metro,Anna Nagar Tower,16
CMBT Metro,Anna Nagar East,16
CMBT Metro,Shenoy Nagar,24
CMBT Metro,Pachaiyappas College,24
CMBT Metro,Kilpauk,24
CMBT Metro,Nehru Park,24
CMBT Metro,Egmore,24
CMBT Metro,St. Thomas Mount,24

Koyambedu,Airport,32
Koyambedu,Meenambakkam,32
Koyambedu,Nanganallur Road,24
Koyambedu,Alandur Metro,24
Koyambedu,Guindy,24
Koyambedu,Little Mount,24
Koyambedu,Saidapet,32
Koyambedu,Nandanam,32
Koyambedu,Teynampet,32
Koyambedu,AG-DMS,32
Koyambedu,Thousand Lights,32
Koyambedu,LIC,32
Koyambedu,Government Estate,32
Koyambedu,Central Metro,24
Koyambedu,High Court,32
Koyambedu,Mannadi,32
Koyambedu,Washermenpet,32
Koyambedu,Thyagaraya College,32
Koyambedu,Tondiarpet,32
Koyambedu,New Washermen pet,32
Koyambedu,Toll Gate,32
Koyambedu,Kaladipet,32
Koyambedu,Thiruvotriyur Theredi,32
Koyambedu,Thiruvotriyur,40
Koyambedu,WimcoNagar,40
Koyambedu,WimcoNagar Depot,40
Koyambedu,Ekkattuthangal,24
Koyambedu,Ashok Nagar,24
Koyambedu,Vadapalani,16
Koyambedu,Arumbakkam,16
Koyambedu,CMBT Metro,8
Koyambedu,Thirumangalam,8
Koyambedu,Anna Nagar Tower,16
Koyambedu,Anna Nagar East,16
Koyambedu,Shenoy Nagar,16
Koyambedu,Pachaiyappas College,24
Koyambedu,Kilpauk,24
Koyambedu,Nehru Park,24
Koyambedu,Egmore,24
Koyambedu,St. Thomas Mount,24

Thirumangalam,Airport,32
Thirumangalam,Meenambakkam,32
Thirumangalam,Nanganallur Road,32
Thirumangalam,Alandur Metro,24
Thirumangalam,Guindy,32
Thirumangalam,Little Mount,32
Thirumangalam,Saidapet,32
Thirumangalam,Nandanam,32
Thirumangalam,Teynampet,32
Thirumangalam,AG-DMS,32
Thirumangalam,Thousand Lights,32
Thirumangalam,LIC,24
Thirumangalam,Government Estate,24
Thirumangalam,Central Metro,24
Thirumangalam,High Court,24
Thirumangalam,Mannadi,24
Thirumangalam,Washermenpet,32
Thirumangalam,Thyagaraya College,32
Thirumangalam,Tondiarpet,32
Thirumangalam,New Washermen pet,32
Thirumangalam,Toll Gate,32
Thirumangalam,Kaladipet,32
Thirumangalam,Thiruvotriyur Theredi,32
Thirumangalam,Thiruvotriyur,32
Thirumangalam,WimcoNagar,40
Thirumangalam,WimcoNagar Depot,40
Thirumangalam,Ekkattuthangal,24
Thirumangalam,Ashok Nagar,24
Thirumangalam,Vadapalani,24
Thirumangalam,Arumbakkam,16
Thirumangalam,CMBT Metro,16
Thirumangalam,Koyambedu,8
Thirumangalam,Anna Nagar Tower,8
Thirumangalam,Anna Nagar East,8
Thirumangalam,Shenoy Nagar,16
Thirumangalam,Pachaiyappas College,16
Thirumangalam,Kilpauk,24
Thirumangalam,Nehru Park,24
Thirumangalam,Egmore,24
Thirumangalam,St. Thomas Mount,32

Anna Nagar Tower,Airport,32
Anna Nagar Tower,Meenambakkam,32
Anna Nagar Tower,Nanganallur Road,32
Anna Nagar Tower,Alandur Metro,24
Anna Nagar Tower,Guindy,32
Anna Nagar Tower,Little Mount,32
Anna Nagar Tower,Saidapet,32
Anna Nagar Tower,Nandanam,32
Anna Nagar Tower,Teynampet,32
Anna Nagar Tower,AG-DMS,32
Anna Nagar Tower,Thousand Lights,24
Anna Nagar Tower,LIC,24
Anna Nagar Tower,Government Estate,24
Anna Nagar Tower,Central Metro,24
Anna Nagar Tower,High Court,24
Anna Nagar Tower,Mannadi,24
Anna Nagar Tower,Washermenpet,32
Anna Nagar Tower,Thyagaraya College,32
Anna Nagar Tower,Tondiarpet,32
Anna Nagar Tower,New Washermen pet,32
Anna Nagar Tower,Toll Gate,32
Anna Nagar Tower,Kaladipet,32
Anna Nagar Tower,Thiruvotriyur Theredi,32
Anna Nagar Tower,Thiruvotriyur,32
Anna Nagar Tower,WimcoNagar,32
Anna Nagar Tower,WimcoNagar Depot,40
Anna Nagar Tower,Ekkattuthangal,24
Anna Nagar Tower,Ashok Nagar,24
Anna Nagar Tower,Vadapalani,24
Anna Nagar Tower,Arumbakkam,24
Anna Nagar Tower,CMBT Metro,16
Anna Nagar Tower,Koyambedu,16
Anna Nagar Tower,Thirumangalam,8
Anna Nagar Tower,Anna Nagar East,8
Anna Nagar Tower,Shenoy Nagar,16
Anna Nagar Tower,Pachaiyappas College,16
Anna Nagar Tower,Kilpauk,16
Anna Nagar Tower,Nehru Park,24
Anna Nagar Tower,Egmore,24
Anna Nagar Tower,St. Thomas Mount,32

Shenoy Nagar,Airport,32
Shenoy Nagar,Meenambakkam,32
Shenoy Nagar,Nanganallur Road,32
Shenoy Nagar,Alandur Metro,32
Shenoy Nagar,Guindy,32
Shenoy Nagar,Little Mount,32
Shenoy Nagar,Saidapet,32
Shenoy Nagar,Nandanam,32
Shenoy Nagar,Teynampet,32
Shenoy Nagar,AG-DMS,24
Shenoy Nagar,Thousand Lights,24
Shenoy Nagar,LIC,24
Shenoy Nagar,Government Estate,24
Shenoy Nagar,Central Metro,24
Shenoy Nagar,High Court,24
Shenoy Nagar,Mannadi,24
Shenoy Nagar,Washermenpet,24
Shenoy Nagar,Thyagaraya College,24
Shenoy Nagar,Tondiarpet,24
Shenoy Nagar,New Washermen pet,32
Shenoy Nagar,Toll Gate,32
Shenoy Nagar,Kaladipet,32
Shenoy Nagar,Thiruvotriyur Theredi,32
Shenoy Nagar,Thiruvotriyur,32
Shenoy Nagar,WimcoNagar,32
Shenoy Nagar,WimcoNagar Depot,32
Shenoy Nagar,Ekkattuthangal,32
Shenoy Nagar,Ashok Nagar,24
Shenoy Nagar,Vadapalani,24
Shenoy Nagar,Arumbakkam,24
Shenoy Nagar,CMBT Metro,24
Shenoy Nagar,Koyambedu,16
Shenoy Nagar,Thirumangalam,16
Shenoy Nagar,Anna Nagar Tower,16
Shenoy Nagar,Anna Nagar East,8
Shenoy Nagar,Shenoy Nagar,0
Shenoy Nagar,Pachaiyappas College,8
Shenoy Nagar,Kilpauk,16
Shenoy Nagar,Nehru Park,16
Shenoy Nagar,Egmore,16
Shenoy Nagar,St. Thomas Mount,32

Pachaiyappas College,Airport,32
Pachaiyappas College,Meenambakkam,32
Pachaiyappas College,Nanganallur Road,32
Pachaiyappas College,Alandur Metro,32
Pachaiyappas College,Guindy,32
Pachaiyappas College,Little Mount,32
Pachaiyappas College,Saidapet,32
Pachaiyappas College,Nandanam,24
Pachaiyappas College,Teynampet,24
Pachaiyappas College,AG-DMS,24
Pachaiyappas College,Thousand Lights,24
Pachaiyappas College,LIC,24
Pachaiyappas College,Government Estate,24
Pachaiyappas College,Central Metro,16
Pachaiyappas College,High Court,24
Pachaiyappas College,Mannadi,24
Pachaiyappas College,Washermenpet,24
Pachaiyappas College,Thyagaraya College,24
Pachaiyappas College,Tondiarpet,24
Pachaiyappas College,New Washermen pet,24
Pachaiyappas College,Toll Gate,32
Pachaiyappas College,Kaladipet,32
Pachaiyappas College,Thiruvotriyur Theredi,32
Pachaiyappas College,Thiruvotriyur,32
Pachaiyappas College,WimcoNagar,32
Pachaiyappas College,WimcoNagar Depot,32
Pachaiyappas College,Ekkattuthangal,32
Pachaiyappas College,Ashok Nagar,24
Pachaiyappas College,Vadapalani,24
Pachaiyappas College,Arumbakkam,24
Pachaiyappas College,CMBT Metro,24
Pachaiyappas College,Koyambedu,24
Pachaiyappas College,Thirumangalam,16
Pachaiyappas College,Anna Nagar Tower,16
Pachaiyappas College,Anna Nagar East,16
Pachaiyappas College,Shenoy Nagar,8
Pachaiyappas College,Pachaiyappas College,0
Pachaiyappas College,Kilpauk,8
Pachaiyappas College,Nehru Park,8
Pachaiyappas College,Egmore,16
Pachaiyappas College,St. Thomas Mount,32
 
Kilpauk,Airport,40
Kilpauk,Meenambakkam,32
Kilpauk,Nanganallur Road,32
Kilpauk,Alandur Metro,32
Kilpauk,Guindy,32
Kilpauk,Little Mount,32
Kilpauk,Saidapet,32
Kilpauk,Nandanam,24
Kilpauk,Teynampet,24
Kilpauk,AG-DMS,24
Kilpauk,Thousand Lights,24
Kilpauk,LIC,24
Kilpauk,Government Estate,24
Kilpauk,Central Metro,16
Kilpauk,High Court,16
Kilpauk,Mannadi,24
Kilpauk,Washermenpet,24
Kilpauk,Thyagaraya College,24
Kilpauk,Tondiarpet,24
Kilpauk,New Washermen pet,24
Kilpauk,Toll Gate,24
Kilpauk,Kaladipet,32
Kilpauk,Thiruvotriyur Theredi,32
Kilpauk,Thiruvotriyur,32
Kilpauk,WimcoNagar,32
Kilpauk,WimcoNagar Depot,32
Kilpauk,Ekkattuthangal,32
Kilpauk,Ashok Nagar,32
Kilpauk,Vadapalani,24
Kilpauk,Arumbakkam,24
Kilpauk,CMBT Metro,24
Kilpauk,Koyambedu,24
Kilpauk,Thirumangalam,24
Kilpauk,Anna Nagar Tower,16
Kilpauk,Anna Nagar East,16
Kilpauk,Shenoy Nagar,16
Kilpauk,Pachaiyappas College,8
Kilpauk,Kilpauk,0
Kilpauk,Nehru Park,8
Kilpauk,Egmore,8
Kilpauk,St. Thomas Mount,32

Nehru Park,Airport,32
Nehru Park,Meenambakkam,32
Nehru Park,Nanganallur Road,32
Nehru Park,Alandur Metro,32
Nehru Park,Guindy,32
Nehru Park,Little Mount,32
Nehru Park,Saidapet,24
Nehru Park,Nandanam,24
Nehru Park,Teynampet,24
Nehru Park,AG-DMS,24
Nehru Park,Thousand Lights,24
Nehru Park,LIC,24
Nehru Park,Government Estate,16
Nehru Park,Central Metro,16
Nehru Park,High Court,16
Nehru Park,Mannadi,16
Nehru Park,Washermenpet,24
Nehru Park,Thyagaraya College,24
Nehru Park,Tondiarpet,24
Nehru Park,New Washermen pet,24
Nehru Park,Toll Gate,24
Nehru Park,Kaladipet,24
Nehru Park,Thiruvotriyur Theredi,32
Nehru Park,Thiruvotriyur,32
Nehru Park,WimcoNagar,32
Nehru Park,WimcoNagar Depot,32
Nehru Park,Ekkattuthangal,32
Nehru Park,Ashok Nagar,32
Nehru Park,Vadapalani,24
Nehru Park,Arumbakkam,24
Nehru Park,CMBT Metro,24
Nehru Park,Koyambedu,24
Nehru Park,Thirumangalam,24
Nehru Park,Anna Nagar Tower,24
Nehru Park,Anna Nagar East,16
Nehru Park,Shenoy Nagar,16
Nehru Park,Pachaiyappas College,8
Nehru Park,Kilpauk,8
Nehru Park,Nehru Park,0
Nehru Park,Egmore,8
Nehru Park,St. Thomas Mount,32

Egmore,Airport,32
Egmore,Meenambakkam,32
Egmore,Nanganallur Road,32
Egmore,Alandur Metro,32
Egmore,Guindy,32
Egmore,Little Mount,24
Egmore,Saidapet,24
Egmore,Nandanam,24
Egmore,Teynampet,24
Egmore,AG-DMS,24
Egmore,Thousand Lights,24
Egmore,LIC,16
Egmore,Government Estate,16
Egmore,Central Metro,8
Egmore,High Court,16
Egmore,Mannadi,16
Egmore,Washermenpet,24
Egmore,Thyagaraya College,24
Egmore,Tondiarpet,24
Egmore,New Washermen pet,24
Egmore,Toll Gate,24
Egmore,Kaladipet,24
Egmore,Thiruvotriyur Theredi,24
Egmore,Thiruvotriyur,32
Egmore,WimcoNagar,32
Egmore,WimcoNagar Depot,32
Egmore,Ekkattuthangal,32
Egmore,Ashok Nagar,32
Egmore,Vadapalani,32
Egmore,Arumbakkam,24
Egmore,CMBT Metro,24
Egmore,Koyambedu,24
Egmore,Thirumangalam,24
Egmore,Anna Nagar Tower,24
Egmore,Anna Nagar East,24
Egmore,Shenoy Nagar,16
Egmore,Pachaiyappas College,16
Egmore,Kilpauk,8
Egmore,Nehru Park,8
Egmore,Egmore,0
Egmore,St. Thomas Mount,32

Thousand Lights,Airport,32
Thousand Lights,Meenambakkam,32
Thousand Lights,Nanganallur Road,24
Thousand Lights,Alandur Metro,24
Thousand Lights,Guindy,24
Thousand Lights,Little Mount,24
Thousand Lights,Saidapet,24
Thousand Lights,Nandanam,16
Thousand Lights,Teynampet,16
Thousand Lights,AG-DMS,8
Thousand Lights,Thousand Lights,0
Thousand Lights,LIC,8
Thousand Lights,Government Estate,8
Thousand Lights,Central Metro,16
Thousand Lights,High Court,24
Thousand Lights,Mannadi,24
Thousand Lights,Washermenpet,24
Thousand Lights,Thyagaraya College,24
Thousand Lights,Tondiarpet,24
Thousand Lights,New Washermen pet,24
Thousand Lights,Toll Gate,32
Thousand Lights,Kaladipet,32
Thousand Lights,Thiruvotriyur Theredi,32
Thousand Lights,Thiruvotriyur,32
Thousand Lights,WimcoNagar,32
Thousand Lights,WimcoNagar Depot,32
Thousand Lights,Ekkattuthangal,24
Thousand Lights,Ashok Nagar,32
Thousand Lights,Vadapalani,32
Thousand Lights,Arumbakkam,32
Thousand Lights,CMBT Metro,32
Thousand Lights,Koyambedu,32
Thousand Lights,Thirumangalam,32
Thousand Lights,Anna Nagar Tower,24
Thousand Lights,Anna Nagar East,24
Thousand Lights,Shenoy Nagar,24
Thousand Lights,Pachaiyappas College,24
Thousand Lights,Kilpauk,24
Thousand Lights,Nehru Park,24
Thousand Lights,Egmore,24
Thousand Lights,St. Thomas Mount,24